type,count
Mineral samples,6000
Photographs,4747
Stone artefacts,4364
Photographic postcards,4250
Drawings,3759
Postcards,3697
Zoological specimens,2168
Bark paintings,2110
Geological specimens,1993
Cartoons,1535
Engravings,1495
Negatives,1124
Boomerangs,1025
Spears,1012
Percussion and abrading stones,982
Paintings,840
Clubs,747
Mounts,745
Cards,709
Armbands,649
Shells,563
Letters,542
Documents,517
Geophysical survey equipment,509
Posters,495
Prints,485
Programs,455
Toy theatre figures,430
Books,422
Wood carvings,421
Newspaper clippings,416
Acrylic paintings,415
Containers,408
Gouache paintings,403
Portrait photographs,381
Spearthrowers,368
Contact prints,347
Baskets,341
Envelopes,333
Glass plate negatives,333
Booklets,331
Lenses,315
Convict love tokens,314
Cores,293
Certificates,292
Stickers,288
Toy theatre scenery,271
Medals,264
Lower grinding stones,261
Lantern slides,256
Grains,252
Shields,248
Folders,242
Necklaces,230
Prize certificates,226
Spearheads,225
Cigarette cards,216
Magazines,215
Photographic slides,215
Journals,212
Watercolour paintings,211
Advertising postcards,210
Badges,205
Sculptures,199
Bags,193
Pamphlets,190
Invitations,189
Trophies,189
Botanical specimens,187
Courtroom drawings,182
Doilies,181
Telegrams,181
Political badges,170
Boxes,170
Toys,159
Small scale models,156
Adzes,155
Commemorative badges,153
Charcoal specimens,152
T-shirts,149
Artworks,145
Edge-ground artefacts,141
Hammerstones,141
Knives,140
Notes,137
Leaflets,136
Photographic prints,136
Pastel drawings,135
Collecting cards,133
Carvings,133
Receipts,131
Dolls clothing,128
Audio records,125
Lids,122
Music rolls,119
Political posters,117
Models,117
Textiles,116
Labels,115
Bowls,114
Personal adornments,112
Manuscripts,111
Dolls,110
Ceremonial objects,110
Film negatives,108
Textile samplers,105
Prizes,101
Photograph albums,101
Ledgers,100
Hats,100
Tools,99
QSL cards,98
Samples,96
Clapsticks,96
Game pieces,95
Paintbrushes,93
Toy theatre accessories,92
Pennants,91
Components,90
Scrapbooks,90
Newspapers,89
Toy animals,89
Firesticks,89
Reports,88
Dresses,87
Toy farms,86
Shoes,86
Sketches,86
Plaques,86
Digging sticks,85
Headdresses,85
Theses,83
Headbands,81
Dance costumes,79
Newsletters,77
Gloves,77
Clothes pegs,77
Wartime badges,77
Commemorative plates,77
Advertising posters,77
Linocuts,77
Hatchets,75
Violins,75
Weights,75
Oil paintings,75
Scarves,74
Medallions,74
Stereo photographs,74
Cufflinks,73
Banners,73
Stamps (tools),73
Plaster casts,72
Printing blocks,72
Event posters,70
Club badges,69
Business letters,68
Bush toys,68
Aboriginal breastplates,68
Calendars,68
Video cassettes,67
Spatulas,66
Maps,66
Lists,66
Albums,65
Ephemera,65
Exercise books,65
Musical instruments,64
Scientific equipment,64
Ornaments,62
Financial records,62
Playing cards,61
Passes,61
Musical drums,60
Didjeridus,60
Bottles,60
Commemorative objects,60
Christmas cards,60
Nut carvings,59
Jackets,59
Paddles,59
Religious books,59
Signs,58
Regalia,58
Dolls accessories,58
Jars,57
Chairs,57
Commemorative mugs,56
Cases,56
Presentation boxes,55
Chronometers,55
Fasteners,54
Caps,54
Dolls furniture,54
Menus,54
Sashes,54
Quilts,53
Pendants,53
Skirts,52
Textile pieces,52
Smoking pipes,52
Mats,52
Diaries,51
Paper money,51
Keys,51
Headwear,50
Waistbands,49
Plates,49
Lapel pins,49
Milk containers,49
Sports medals,49
Specimens,48
Vases,48
Brooches,48
Awards,48
Stone tools,48
Invoices,47
Information sheets,47
Christmas decorations,47
Rulers,47
Dance programs,47
Packaging,47
Teaspoons,46
Notebooks,46
Surgical supports,46
Food storage containers,45
Belts,45
Canisters,45
Sepia photographs,44
Toy railway cars,44
Wrenches,44
Textile lengths,44
Artists equipment,43
Archives,43
Tins,43
Photocopies,43
Tickets,42
Camping equipment,41
Cookbooks,41
Woodworking tools,41
Coffins,41
Saucers,41
Clothing,41
Microscopes,41
Record covers,41
Membership badges,40
Stoppers,40
Walking-sticks,40
Toy railway carriages,40
Flags,40
Wine glasses,40
Collars,40
Measuring instruments,40
Table linen,39
Games,39
Tablemats,39
Fishing equipment,39
Wall hangings,38
Head ornaments,38
Teapots,38
Toy structures,38
Placards,37
Coat-hangers,37
Mugs,37
Jugs,37
Toy figures,37
String,37
Performance costumes,36
Health and medical equipment,36
Evening dresses,36
Socks,36
Axes,36
Sports clothing,36
Pots,36
Technical notes,36
Household toys,36
Promotional material,35
Pillowcases,35
Instruction books,35
Transparencies,35
Ribbons,35
Toy railway tracks,35
Boots,34
Bibles,34
Advertising cards,34
Bullroarers,34
Magazine clippings,34
Petticoats,34
Spectacles,34
Bricks,34
Spoons,34
Engraved emu eggs,33
Greeting cards,33
Lithographs,33
Personal letters,33
Aprons,33
Horse tack,33
Rugs,33
Neckties,33
Shirts,32
Agricultural equipment,32
Account books,32
Drawers,32
Carry bags,32
Fishing lures,32
Handkerchiefs,32
Tiles,32
Etchings,32
Covers,31
Threads,31
Commemorative medals,31
Harness,31
Gaiters,31
Uniform accessories,31
Storage bags,31
Arrows,31
Dinner plates,30
Bodices,30
Stencils,30
Tables,30
Football uniforms,29
Tapa cloths,29
Trays,29
Commemorative books,29
Military badges,29
Textile borders,29
Embroidery threads,28
Champagne glasses,28
Soft toys,28
Fish traps,28
Bonnets,27
Balances,27
Musical instrument cases,27
Charity badges,27
Matchboxes,27
Dolls household textiles,27
Kitchen toys,27
Passports,27
Photograph folders,27
Exhibition posters,27
Patterns,27
Swords,27
Visiting cards,27
Commemorative medallions,27
Microscope accessories,26
Military buttons,26
Dioramas,26
Commemorative glassware,26
Masks,26
Plane irons,26
Magnets,26
Legal documents,26
Tablecloths,26
Soup spoons,26
Painting equipment,26
Gauges,26
Instructional documents,26
Motor car components,26
Dessert dishes,26
Pipes,26
Mixing tools,26
Earrings,26
Tripods,26
Blazers,25
Bandages,25
Grass skirts,25
Prayer books,25
Ceramic forms,25
Aviation documents,25
Shawls,25
Ochre,25
Clothing accessories,25
Rubber stamps,25
Pages,25
Business cards,25
Design drawings,25
Backpacks,25
Props,25
Cigarette cases,25
Australian flags,24
Replicas,24
Footballs,24
Storage boxes,24
Nightdresses,24
Brickmaking equipment,24
Moulds,24
Instruction booklets,24
Albumen prints,23
Prize ribbons,23
Planes,23
Animal figures,23
Medical instruments,23
Stickpins,23
Sewing equipment,23
Forks,22
Pens,22
Screenprints,22
Blouses,22
Sports shirts,22
Bone tools,22
Cups and saucers,22
Cameras,22
Drawing instruments,22
Pouches,22
Yarns,22
Grinding stones,22
Typewriters,21
Trousers,21
Travel documents,21
Purses,21
Bracelets,21
Water containers,21
Dishes,21
Aircraft components,21
Waistcoats,21
Shirt studs,21
Banknotes,21
Vests,21
Telescope accessories,21
Photographic mounts,20
Presentation cases,20
Stands,20
Beverage bottles,20
Dessertspoons,20
Shell money,20
Spindles,20
Buttons,20
Scorecards,20
Message sticks,20
Ashtrays,20
Writing equipment,20
Sewing machine accessories,20
Type pieces,20
Screwdrivers,19
Floor rugs,19
Bread tins,19
Sharpening stones,19
Installations,19
Manuals,19
Stockings,19
Harpoons,19
Towels,19
Thermometers,19
Bed linen,19
Brassieres,19
Film cans,19
Advertising signs,18
Jewellery,18
Twist augers,18
Biographies,18
Photographic Postcards,18
Shearing equipment,18
Cartes-de-visite,18
Wedding invitations,18
Government records,18
Suitcases,18
Brands,18
Technical manuals,18
Curtains,18
Childrens books,18
Membership certificates,18
Sketchbooks,17
Canoes,17
Dance equipment,17
Sports equipment,17
Domestic ovens,17
Agricultural records,17
Cricket bats,17
Machinery components,17
Animal accessories,17
Theatre programs,17
Needles,17
Lamps,17
Catalogues,17
Fishing nets,17
Axe heads,17
Torso armour,17
Wigs,16
Box lids,16
Bedspreads,16
Cushions,16
Tea-towels,16
Bedsheets,16
Key rings,16
Advertisements,16
Jewellery boxes,16
Annual reports,16
Medicine bottles,16
Medal ribbons,16
Sewing machines,16
Office machines,16
Military uniforms,16
Union badges,16
Tankards,16
Gambling equipment,16
Storybooks,16
Ochre specimens,16
Billy cans,16
Camisoles,16
Beds,16
Container components,15
Awls,15
Display equipment,15
Cups,15
Punches,15
Tokens,15
Fans,15
Board games,15
Bicycles,15
Wedding dresses,15
Presentation cups,15
Collages,15
Costume components,15
Hooks,15
Coats,15
Camera accessories,15
Joinery tools,15
Textbooks,15
Film spools,15
Identity tags,15
Saddles,15
Plate carrying boxes,14
Administrative records,14
Soup bowls,14
Radio equipment,14
Identity cards,14
Contracts,14
Cricket balls,14
Bookmarks,14
Portraits,14
Toy locomotives,14
Cloth dolls,14
Press clippings,14
Hand fans,14
Military medals,14
Mittens,14
Wallets,14
Headpads,14
Cushion covers,14
Road maps,14
Motor cars,14
Deeds,14
Chisels,14
Plane wedges,14
Hatboxes,14
Ceremonial aprons,14
Educational toys,14
Lace insertions,14
Advertising leaflets,13
Tea sets,13
Daggers,13
Combs,13
Certificates of appreciation,13
Audio equipment accessories,13
Frying pans,13
Commemorative cups,13
Display stands,13
Tiepins,13
Road signs,13
Toy sheep,13
Revolvers,13
Sugar bowls,13
Compasses,13
Fishing lines,13
Shorts,13
Contact printing frames,13
Screws,13
Picture frames,13
Carrying cases,13
Accessories,13
Pocket watches,13
Medical packaging,13
Pencils,13
Farm equipment,13
Drinking glasses,13
Toby jugs,13
Pistols,13
Charts,13
Wages books,13
Side plates,13
Fancy dress costumes,13
Audio equipment,13
Computer components,13
Violin accessories,13
Clock components,13
Demijohns,13
Movie film,13
Musical instrument components,13
Toy vehicles,12
Paperknives,12
Printing accessories,12
Tart tins,12
Fishing hooks,12
Cooking equipment,12
Rock carvings,12
Scoresheets,12
Music books,12
Sports ephemera,12
Drinking vessels,12
Floor mats,12
Ballet shoes,12
Glass plate positives,12
Jumpers,12
Embroidery equipment,12
Audio cassettes,12
Inkstands,12
Kitchenware,12
Dolls chairs,12
Mallets,12
Feathers,12
Embroidery patterns,12
Technical drawings,12
Sheet music,12
Tapers,12
Rabbit traps,12
Gardening books,12
Teacups,12
Chequebooks,12
Toy theatres,12
Surveying equipment,12
Dolls household equipment,12
Mattresses,12
Scabbards,12
Dolly pegs,11
Photographic equipment,11
Human figures,11
Cots,11
Picks,11
Performing arts equipment,11
Textile panels,11
Drafting instruments,11
Serviettes,11
Saws,11
Ribbon bars,11
Wool specimens,11
Sales records,11
Toy boats,11
Toy packaging,11
Lighting equipment,11
Projector components,11
Cotton reels,11
Diagrams,11
Neckpieces,11
Saddlebags,11
Toy birds,11
Petitions,11
Mourning clothing,11
Lace borders,11
Coffeepots,11
Strainers,11
Weaving shuttles,11
Rifles,11
Tin toys,11
Trunks,11
Butter dishes,11
Handbills,11
Optical instruments,11
Novelty toys,11
Bow ties,11
Candle holders,11
Fences,11
Furniture components,11
Membership cards,11
Tongs,11
Childrens clothing,11
Riding boots,10
Toy trains,10
Electrical equipment,10
Mortars and pestles,10
Dining chairs,10
Underpants,10
Scoops,10
Shop signs,10
Pest control equipment,10
Trees,10
Wristbands,10
Satchels,10
Platters,10
Nibs,10
Autograph books,10
Toy tea sets,10
Knife blades,10
Toy signs,10
Bus tickets,10
Charms,10
Printing equipment,10
Stationery,10
Tobacco containers,10
Costumes,10
Hammers,10
Ointments,10
Engraving tools,10
Casserole dishes,10
Baby bonnets,10
Fishing rods,10
Grave markers,9
Cake plates,9
Wall clocks,9
Prayer cards,9
Work aprons,9
Hairpins,9
Pearl shells,9
Neckwear,9
Character dolls,9
Percussion instruments,9
Cricket equipment,9
Pliers,9
Business stationery,9
Saucepans,9
Printing plates,9
Urns,9
Overshoes,9
Dinner knives,9
Handbags,9
Transport passes,9
Postboxes,9
Testing equipment,9
Licences,9
Convict bricks,9
Dolls tables,9
Buckets,9
Computer hardware,9
Helmets,9
Strops,9
Belt buckles,9
Whips,9
Baby clothing,9
Repair kits,9
Binoculars,9
Drill bits,9
Prams,9
Hunting and gathering tools,9
Hydrological equipment,9
Drills,9
Mourning cards,9
Commemorative coins,9
Meters,9
Palettes,9
Knitting patterns,9
Animal parts,9
Silver gelatin prints,9
Scrapers,9
Human hair,9
Uniform hats,9
Beam balances,9
Golf clubs,9
Cleaning equipment,9
Instruction leaflets,9
Top hats,9
Hat blocks,9
Tea-cosies,9
Information packs,9
Roller-skates,9
Whaling equipment,8
Cutlery,8
Cigarette boxes,8
Weaving equipment,8
Presentation trays,8
Cupboards,8
Batik equipment,8
Surgical equipment,8
Cigar boxes,8
Sieves,8
Reference books,8
Shotguns,8
Brooms,8
Capes,8
Tinted photographs,8
Exhibition catalogues,8
Glass eyes,8
Lace pieces,8
Knickers,8
Perfume bottles,8
Evening bags,8
Baking tins,8
Hatpins,8
Shards,8
Sleeves,8
Moulding planes,8
Tintypes,8
Woodworking gauges,8
Construction toys,8
Mining equipment,8
Document holders,8
Crutches,8
Coffee cups,8
Price lists,8
Glasses,8
Baby dresses,8
Dog accessories,8
Horse drawn vehicle components,8
Calculators,8
Embroidered pictures,8
Slide rules,8
Ceremonial clothing,8
Singlets,8
Berets,8
Funnels,8
Tape measures,8
Inkwells,8
Paperweights,8
Atlases,8
Pie dishes,8
Table knives,8
Radios,8
Leaves,8
Measuring glasses,8
Dolls houses,8
Printing presses,8
Dressings,8
Identity badges,8
Swimsuits,8
Water filters,7
Flutes,7
Display cases,7
Display boxes,7
Whip handles,7
Financial transaction cards,7
Tricycles,7
Dinner forks,7
Music programs,7
Spirit levels,7
Spurs,7
Card holders,7
Corsets,7
Water bags,7
Dolls toys,7
Cramps,7
Ice chests,7
Advertising pamphlets,7
Food preserving jars,7
Leatherworking tools,7
Hypodermic syringes,7
Bolts,7
Dictating machines,7
Tweezers,7
Weapons,7
Baking dishes,7
Kerosene lamps,7
Pencil drawings,7
Pins,7
Aircraft logbooks,7
Sports footwear,7
Rabbet planes,7
Chests of drawers,7
Washers,7
Embroidered panels,7
Shoe lasts,7
Pull-along toys,7
Machines,7
Writing cases,7
Fish floats,7
Printing machines,7
Birthday cards,7
Forceps,7
Wires,7
Military equipment,7
Wine bottles,7
Heating equipment,7
Holsters,7
Sheaths,7
Medal cases,7
Breeches,7
Edge-ground axe heads,7
Ration cards,7
Leads,7
Minute books,7
Foodstuffs,7
Composite photographs,7
Slingshots,7
Plinths,7
Skis,7
Cent coins,7
Postage stamps,7
Wallpaper,7
Pincushions,7
Augers,7
Pocket-knives,7
Travel pamphlets,7
Candles,7
Artificial flowers,7
Hat trimmings,7
Postcard albums,7
Scythes,7
Eye charts,7
Violin making tools,7
Engraved stones,7
Dictionaries,7
Horse accessories,7
Files (tools),7
Camera lenses,7
Tableware,7
Keyhole saws,7
Rattles,7
Coloured pencils,7
Spectacles cases,7
Hardware,7
Soil specimens,6
Safety signs,6
Cosmetics,6
Miniature medals,6
Administrative files,6
Wheels,6
Milk jugs,6
Oil cans,6
Handcuffs,6
pH meters,6
Wood samples,6
Fibre specimens (anthropological),6
Ground sheets,6
Leg calipers,6
Religious objects,6
Ropes,6
Bedding,6
Spring balances,6
Bridles,6
Underwear,6
Toy money,6
Handles,6
Alphabet blocks,6
Stoles,6
Busts,6
Horsedrawn vehicles,6
Pillows,6
Toy train sets,6
Variometers,6
Umbrellas,6
Animal traps,6
Hydrometers,6
Veterinary equipment,6
Camera cases,6
Lobster traps,6
Bread crocks,6
Boot hooks,6
Advertising stickers,6
Registers,6
School magazines,6
Dressing cases,6
Feather flowers,6
Movie cameras,6
Parasols,6
Blacksmithing tools,6
Pattern books,6
Hair care equipment,6
Furniture accessories,6
Cosmetics jars,6
Abrasives,6
Curtain accessories,6
Riding habits,6
Biscuit cutters,6
Audiovisual toys,6
Tobacco jars,6
Party hats,6
Body jewellery,6
Cravats,6
Clothing storage containers,6
Clothing labels,6
Pepper shakers,6
Clothes brushes,6
Cut-throat razors,6
National costumes,6
Nappies,6
Firearm cleaning equipment,6
Surgical gloves,6
Electric light globes,6
Speakers,6
Brackets,6
Ceremonial jewellery,6
Desks,6
Stools,6
Eggcups,6
Anchors,6
Drawing knives,6
Academic dress,6
Hairbrushes,6
Penis sheaths,6
Architectural plans,6
Yokes,6
Archery equipment,6
Match containers,6
Mirrors,6
Food safes,6
Bobbins,6
Jug covers,6
Fishing reels,6
Braces,6
Toy saucers,6
Clothing hooks,6
Salt shakers,6
Speculums,6
Pills,6
Vehicle components,6
Coats of arms,6
Fobs,6
Measures,6
Paper toys,6
Nails,6
Boot trees,6
Cleaning cloths,6
Animal skins,6
Handbooks,6
Metal forms,6
Shovels,6
Corset covers,6
Spokeshaves,6
Dice,6
Serviette rings,6
Logbooks,6
Watercraft components,6
Cabinets,6
Moneyboxes,6
Easter eggs,5
Jigsaw puzzles,5
Cooking pots,5
Surface finishing tools,5
Commemorative banners,5
Watches,5
Operating manuals,5
Emu eggs,5
Cardigans,5
Cake tins,5
Sharpening steels,5
Horse riding equipment,5
Baby bibs,5
Camp ovens,5
Panoramic photographs,5
Food decorations,5
Studs,5
Cruet sets,5
Sideboards,5
Aeronautical maps,5
Stones,5
Prisms,5
Tail coats,5
Evening gloves,5
Leggings,5
Desk calendars,5
Horse drawn coaches,5
Business accounts,5
Toy buildings,5
Scores,5
Bisque dolls,5
Dustpan and brush sets,5
Batons,5
Motors,5
Jodhpurs,5
Preparatory drawings,5
Biscuit tins,5
Testamurs,5
Benches,5
Indentures,5
Bottle openers,5
Cochlear implants,5
Headphones,5
Toy cups,5
Ginger beer bottles,5
Meat mincers,5
Vehicles,5
Bits,5
Pencil cases,5
Wheelbarrows,5
Sample bags,5
Personal papers,5
Sword belts,5
Laundry toys,5
Parkas,5
Trinket boxes,5
Flowers,5
Faxes,5
Blueprints,5
Hairnets,5
Travel books,5
Dairy thermometers,5
Teapot stands,5
Puzzles,5
Vehicle accessories,5
Canned foods,5
Table forks,5
Needle cases,5
Ladders,5
Shuttles,5
Wedding clothing,5
Dolls beds,5
Duelling pistols,5
Clocks,5
Geological maps,5
Transfers,5
Tiaras,5
Drum sticks,5
Correspondence,5
Engineering diagrams,5
Saw blades,5
Lawnmowers,5
Bark specimens (anthropological),5
Telescopes,5
Mutoscope reels,5
Wedges,5
Pillow shams,5
Kitchen equipment,5
Food preserving bottles,5
Theodolites,5
Eye washers,5
Frames,5
Spinning tops,5
Bead planes,5
Computer software,5
Food labels,5
School badges,5
Wrapping paper,5
Tool components,5
Portrait medallions,5
Patents,5
Equipment,5
Shoe boxes,5
Tea strainers,5
Dispensers,5
Tobacco tins,5
Irrigation equipment,5
Stirrups,5
Feeding bottles,5
Sleeping-bags,5
Ballot papers,5
Uniforms,5
Photographic plate holders,5
Robes,5
Visitors books,5
Torches,5
Barrels,5
Illuminated addresses,5
Tool handles,5
Pharmaceutical cases,5
Candlesticks,5
Pill bottles,5
Wardrobes,5
Darners,5
Stoves,5
Moustache cups,5
Plastic bags,4
Mourning jewellery,4
Game boards,4
Pumps,4
Architectural elements,4
Developing tanks,4
Mosquito nets,4
Microscope lenses,4
Jack planes,4
Flasks,4
Fountain pens,4
Book covers,4
Skewers,4
Bicycle clips,4
Garters,4
Food storage jars,4
Toy tractors,4
Clothes hoists,4
Medical textiles,4
Sales catalogues,4
Sunglasses,4
Wool presses,4
Marking gauges,4
Baby blankets,4
How to vote cards,4
Pierced earrings,4
Art books,4
Matches,4
Instruments,4
Court dress,4
Cleaning products,4
Christening gowns,4
Ponchos,4
Doors,4
Firearm cases,4
Table lamps,4
Titlepages,4
Horsedrawn vehicle components,4
Ski clothing,4
Bottle tops,4
Butterknives,4
Baby dolls,4
Ski goggles,4
Developing trays,4
Photographic packaging,4
Beads,4
Blowtorches,4
Television sets,4
Film holders,4
Thimbles,4
Laundry irons,4
Cuffs,4
Sun hats,4
Finger rings,4
Scrimshaw,4
Smoking equipment,4
Salt spoons,4
Dolls prams,4
Light boxes,4
Didactic displays,4
Violas,4
Hand drills,4
Laundry equipment,4
Wetsuits,4
Bells,4
Kettles,4
Typewriter ribbons,4
Tapestries,4
Laundry starch,4
Palette Knives,4
Hypodermic needles,4
Account records,4
Milk cans,4
Tennis dresses,4
National flags,4
Marriage certificates,4
Light fittings,4
Propelling pencils,4
Washstands,4
Lacemaking equipment,4
Evening ensembles,4
Cinema posters,4
Folding rules,4
Vehicle badges,4
Entree plates,4
Scrubbing-brushes,4
Chests,4
Ink bottles,4
Textile paintings,4
Bark fibres,4
Navigational charts,4
Cheese dishes,4
Sandals,4
Vouchers,4
Side tables,4
Gourds,4
Sealers,4
Morse code keys,4
Stretchers (beds),4
Maintenance manuals,4
Hot water bottles,4
Business Letters,4
Pillboxes,4
Centre of gravity toys,4
Skates,4
Mechanical toys,4
Travelling cases,4
Inhalers,4
Washing machines,4
Mantel clocks,4
Salt containers,4
Nets,4
Embossing machines,4
Architectural drawings,4
Syringes,4
Drivers licences,4
"Cup, saucer and plate sets",4
Electronic equipment,4
Rolling pins,4
Antimacassars,4
Bridesmaids dresses,4
Sports safety helmets,4
Caravans,4
Chains,4
Micrometers,4
Tents,4
Salvers,4
Dessert forks,4
Skeletons (animal),4
Dinosaurs,4
Violin bows,4
Firefighters helmets,4
Ladles,4
Shaving equipment,4
Cut-out books,4
Detachable collars,4
Plant components,4
Travelling desks,4
Combinations,4
Telephones,4
Murals,4
Ant traps,4
Washboards,4
Theatre tickets,4
Meat safes,3
Bone points,3
Wall mirrors,3
Seats,3
Food graters,3
Knitting needles,3
Coronation mugs,3
Clothing packaging,3
Toy trucks,3
Bookends,3
Paper bags,3
First aid kits,3
Adhesives,3
Parallel rules,3
Sewing kits,3
Rat-traps,3
Tray cloths,3
Money belts,3
Seeds,3
Trade certificates,3
Tool boxes,3
Braillers,3
Surgical instruments,3
Trowels,3
Educational aids,3
Evening suits,3
Raincoats,3
Protective masks,3
Armchairs,3
Hobbles,3
Briefs,3
Stereoscopes,3
Table runners,3
Shoe stretchers,3
Switches,3
Rings,3
Gas cooking stoves,3
Tunics,3
Matchbox holders,3
Medication bottles,3
Leg irons,3
Beekeeping equipment,3
Bankbooks,3
Ointment jars,3
Coffee containers,3
Business records,3
Calipers,3
Corselets,3
Injection instruments,3
Press releases,3
Nameplates,3
Blotters,3
Sextants,3
Timetables,3
Boot lasts,3
Styluses,3
Marbles,3
Underskirts,3
Directional compasses,3
Tractors,3
Theatre props,3
Gramophones,3
Sandpaper,3
Nurses uniforms,3
Textileworking patterns,3
Wood engravings,3
Cables,3
Saw-setting tools,3
Knife sharpeners,3
Magnifying glasses,3
Bowler hats,3
Coasters,3
Socket bayonets,3
Copper sticks,3
Shrapnel,3
Protective clothing,3
Writing desks,3
Dining tables,3
Routers,3
Pictures,3
Powder puffs,3
Sugar containers,3
Overcoats,3
Vending machines,3
Hand tools,3
Tennis racquets,3
Covered dishes,3
Flour bags,3
Baking trays,3
Bird figures,3
Money,3
Oil lamps,3
Money pouches,3
First day envelopes,3
Toy tools,3
Cutting tools,3
Amplifiers,3
Skein holders,3
Kitchen knives,3
Lens cases,3
Bedjackets,3
Dental equipment,3
Cloths,3
Quill pens,3
Pudding basins,3
Plumb-bobs,3
Muskets,3
Cloaks,3
Netballs,3
Rosary beads,3
Winches,3
Juicers,3
Commemorative cards,3
Fur clothing,3
Wind instruments,3
Halfpenny tokens,3
Lamp components,3
Tureens,3
Office chairs,3
Suits,3
Photographic albums,3
Crucifixes,3
Aviation instruments,3
Clothes baskets,3
Filters,3
Photographic equipment containers,3
Medicine packaging,3
Building materials,3
Haberdashery,3
Cigarette lighters,3
Metronomes,3
Goldmining equipment,3
Bulldog clips,3
Sovereigns,3
Sewing baskets,3
Flight attendant uniforms,3
Bow saws,3
Textile tapes,3
Aviation helmets,3
Snowshoes,3
Fire fighting equipment,3
Gardening forks,3
Strings of beads,3
Postal equipment,3
Coins,3
Motor car licence plates,3
Eel traps,3
Food storage bags,3
Crochet hooks,3
Photograph frames,3
Topographical maps,3
Test tubes,3
Microphone stands,3
Beer bottles,3
Electric switches,3
Cummerbunds,3
Letter holders,3
Ironing boards,3
Girdles,3
Dinnerware,3
Carbines,3
Tablespoons,3
Engines,3
Pants-suits,3
Cloth patches,3
Toy motor cars,3
Letters of administration,3
Plough planes,3
Razor blade sharpeners,3
Shot,3
Decanters,3
Mourning necklaces,3
Toy models,3
Chalks,3
Magazine inserts,3
Musical instrument accessories,3
Lifebuoys,3
Knitting machines,3
Ink drawings,3
Kewpie dolls,3
Portable engines,3
Medical records,3
Sceptres,3
Trolleys,3
Toy carts,3
Violin tailpieces,3
Woodworking braces,3
Place cards,3
Seals,3
Photomontages,3
Itineraries,3
Cake stands,3
Shoe bags,3
Bevels,3
Colanders,3
Camera filters,3
Roofing materials,3
Dancing shoes,3
Mutoscopes,3
Serving spoons,3
Pedestals,3
Birth certificates,3
Smoking caps,3
Display cards,3
Holders,3
Religious figures,3
Slates,3
Blankets,3
Squares,3
Runners,3
Hacksaws,3
Swing tags,3
Presentation trowels,3
Triptychs,3
Steam engines,3
Baggage labels,3
Bath towels,3
Carving gouges,2
Coffee tins,2
Centrepieces,2
Dinner sets,2
Swimwear,2
Half plate cameras,2
Bedpans,2
Try squares,2
Kimonos,2
Toy koalas,2
Dressmaking patterns,2
Inside calipers,2
Brushes,2
Microscope slides,2
Bicycle lamps,2
Scooters,2
Cow horns,2
Memorial wreaths,2
Rasps,2
Hair clips,2
Gongs,2
Resin specimens (Anthropological),2
Epaulettes,2
Mobiles,2
Mixing bowls,2
Allen keys,2
Vans,2
Soap dishes,2
Accounting machines,2
Stripper harvesters,2
Trailers,2
Rafts,2
Music stands,2
Eyepieces,2
Toy targets,2
Traps,2
Aerial photographs,2
Motor car badges,2
Needle packets,2
Booties,2
Toy plates,2
Door locks,2
Glove stretchers,2
Rocking horses,2
Baby gowns,2
Dolls food,2
Chocolate boxes,2
Luggage,2
Homemade toys,2
Bread knives,2
Letter books,2
Strongboxes,2
Looms,2
Couches,2
Sauce boats,2
Medical books,2
Cans,2
Hairdressing scissors,2
Horseshoes,2
Microphones,2
Screens,2
Safety equipment,2
Cigarettes,2
Carriages,2
Typewriter accessories,2
Harness ornaments,2
Wet plate cameras,2
Tinsnips,2
Engine components,2
Flatirons,2
Cannons,2
Landscape models,2
Cradles,2
Ceremonial Jewellery,2
Carpet sweepers,2
Obis,2
Tin-openers,2
Dolls teapots,2
Overalls,2
Fish forks,2
Community posters,2
Document boxes,2
Muffs,2
Tool kits,2
Trucks,2
Cosmetics containers,2
Deodorants,2
Firearms accessories,2
Sun visors,2
Shoelaces,2
Chemises,2
Set squares,2
Commemorative envelopes,2
Household manuals,2
Dominoes,2
Razors,2
Film and plate holders,2
Fish knives,2
Goggles,2
Snakebite kits,2
Lens hoods,2
Palette knives,2
Windows,2
Crowbars,2
Pressure cookers,2
Crucibles,2
Paints,2
Bassinettes,2
Neckerchiefs,2
Toy bowls,2
Whistles,2
Railway tickets,2
Pencil sharpeners,2
Electrical fittings,2
Vegetable dishes,2
Bookcases,2
Gold washing cradles,2
Beanies,2
Scent bags,2
Safety matches,2
Tulwars,2
Photograph cases,2
Toy irons,2
Vacuum cleaners,2
Rocks,2
Straps,2
Cabinet photographs,2
Netting needles,2
Dental instruments,2
Optical lenses,2
Kerosene containers,2
Nuts (Hardware),2
Glass plates,2
Dippers,2
Ammunition,2
Decorative weavings,2
Face washers,2
Honey containers,2
Manicure equipment,2
Lacemaking bobbins,2
Light shades,2
Frisbees,2
Toilet paper,2
Powder flasks,2
Lifting jacks,2
Presentation pieces,2
Dolls kitchenware,2
Magazine covers,2
Butter containers,2
Anatomical models,2
Gates,2
Transformers,2
Electric irons,2
Bread baskets,2
Motorcycle components,2
Expanding files,2
Sails,2
Concertinas,2
Balustrade panels,2
Prostheses,2
Kerosene cooking stoves,2
Belt accessories,2
Pop-up books,2
Radiators,2
Bayonets,2
Human anatomical specimens,2
Feather fans,2
Steamrollers,2
Electric converters,2
Chandeliers,2
Fire irons,2
Gouges,2
Locomotive boilers,2
Medicine chests,2
Geiger counters,2
Rowing boats,2
Coffee services,2
Audio and visual equipment,2
Taps,2
Carts,2
Maquettes,2
Sewing bags,2
Camiknickers,2
Sewing pins,2
Sports balls,2
Dressing-gowns,2
Chalices,2
Shaving brushes,2
Pyjamas,2
Woodworking saws,2
Snuffers,2
Electric radiators,2
Divans,2
Address books,2
Blunderbusses,2
Lace lengths,2
Smocks,2
Needlework patterns,2
Ewers,2
Trumpets,2
Boxing gloves,2
Toy rail vehicles,2
Lettercards,2
Knee rugs,2
Film cameras,2
Doll components,2
Dressmaking equipment,2
Footstools,2
Curling irons,2
Dress clips,2
Swagger sticks,2
Comic books,2
Doorstops,2
Bustles,2
Sewing machine covers,2
Evening jackets,2
Video cassette covers,2
Radiograms,2
Telescope lenses,2
Order books,2
Information tables,2
Sheet Music,2
Mourning stationery,2
Card photographs,2
Biscuit moulds,2
Icepicks,2
Life jackets,2
Seed drills,2
Montages,2
Hoses,2
Pockets,2
Blotting paper,2
Violin pegs,2
Reclining chairs,2
Transport tickets,2
Trestles,2
Razor blades,2
Batteries,2
Painted emu eggs,2
Grooving planes,2
Tobacco,2
Tennis clothing,2
Soap boxes,2
Basins,2
Cleaning toys,2
Footwear components,2
Crowns (headwear),2
Baby caps,2
Postal packaging,2
Phonographs,2
Driving gloves,2
Oars,2
Clarinets,2
Toy flags,2
Tent bags,2
Cricket uniforms,2
Audio equipment packaging,2
Upright pianos,2
Audio tapes,2
Radio transmitters,2
Christening clothing,2
Tea caddies,2
Outerwear,2
Book components,2
Paper sculptures,2
Pokers,2
Slide projectors,2
Pigment specimens (Anthropological),2
Illuminated signs,2
Typewriter cases,2
Pinball games,2
Miners lamps,2
Bedcovers,2
Balloons,2
Evening coats,2
Polishes,2
Bearings,2
Pesticide containers,2
Wedding veils,2
Food mashers,2
Cheese knives,2
Card boxes,2
Machetes,2
Scissors,2
Petrol pumps,2
Goblets,2
Aeroplanes,2
Periscopes,2
Covered urns,2
Jigs,2
Ecclesiastical clothing,2
Lecture notes,2
Radio transceivers,2
Wedding ensembles,2
Toy blocks,2
Braids,2
Wall telephones,2
Pencil holders,2
Crochet threads,2
Vesta cases,2
Cocktail dresses,2
Machinery blades,2
Shin guards,2
Wagons,2
Scrolls,2
Jardinieres,2
Vertical engines,2
Akubra hats,2
Carriage clocks,2
Toy boxes,2
Presentation bowls,2
Smoothing planes,2
Animal bones,2
Splitting wedges,2
Bathtubs,2
Bunsen burners,2
Lanterns,2
Outside calipers,2
Clothes wringers,2
Motorcycles,2
Embroidery scissors,2
Mixing spoons,2
Toiletries,2
Teddy bears,2
Oven peels,2
Bolsters,2
Court shoes,2
Piccolos,2
Baby shoes,2
Riding skirts,2
Threshing machine,2
Milk bottles,2
Woodwind instruments,2
Stopwatches,2
Medicines,2
Commemorative teaspoons,2
Switchboards,2
Straw dispensers,2
Fichus,2
Womens clothing,2
Nuts (hardware),2
Nozzles,2
Evening capes,2
Carpentry tools,2
Embroidery frames,2
Mourning brooches,2
Tea urns,2
Carving chisels,2
Dolls sideboards,2
Carving knives,2
Screenprinting equipment,2
Pump drills,2
Incense,2
String bags,2
Advertising booklets,2
Genealogical charts,1
Skivvies,1
Shopping bags,1
Jam spoons,1
Architectural models,1
Ammunition belts,1
Cream separators,1
Clinometers,1
Horoscopes,1
Safety pins,1
Gas cylinders,1
Reel-to-reel audio tapes,1
Repellents,1
Food processing equipment,1
Riding whips,1
Mills,1
Hoes,1
Watercolour paints,1
Pipe cases,1
Ice cube trays,1
Football boots,1
Percussion firearms,1
Playing marbles,1
Glass shards,1
Photomechanical prints,1
Animal transport containers,1
Anklets,1
Salad spoons,1
Botanical Specimens,1
Writing paper,1
Potato mashers,1
Handbells,1
Promotional toys,1
Hair rollers,1
Floor plans,1
Cooking boilers,1
Coin proof sets,1
Buses,1
Horse carts,1
Dolls plates,1
Butter pats,1
Laundry packaging,1
Fossils,1
One dollar coins,1
Chemical jars,1
Genealogical documents,1
Measuring cups,1
Cinematographic film,1
Baby petticoats,1
Separators,1
Grass Skirts,1
35mm cameras,1
Camera flashes,1
Viola cases,1
Toy trams,1
Gold licences,1
Adhesive tape,1
Toy pigs,1
Mustard spoons,1
Skipping-ropes,1
Dye samples,1
Voltmeters,1
Cotton Reels,1
Egg-beaters,1
Armour,1
Camera stands,1
Pannikins,1
Bassoons,1
Magic lanterns,1
Desk sets,1
Corner cabinets,1
Dressmaking scissors,1
Shoe buckles,1
Weighing instruments,1
Shelf clocks,1
Botanical drawings,1
Office desks,1
Office equipment,1
Biscuit boxes,1
Daguerreotypes,1
Pomade jars,1
Domestic equipment,1
Hot water urns,1
Bicycle repair kits,1
Baby nightdresses,1
Piano rolls,1
Radio components,1
Cooking stoves,1
Display domes,1
School equipment,1
Fish servers,1
Franking machines,1
Coolers,1
Engine indicators,1
Movie projectors,1
T-squares,1
Flare pistols,1
Gym boots,1
Beehives,1
Dressing-tables,1
Ratchet braces,1
Baby jumpsuits,1
Telephone accessories,1
Pocket compasses,1
Firearms,1
Animal teeth,1
Gold pans,1
Spirit irons,1
Motor vehicle engines,1
Skulls (animal),1
Wedding shoes,1
Tenon saws,1
Stethoscopes,1
Chaps,1
Steelyards,1
Art drawings,1
Computer chips,1
Serving dishes,1
Grand pianos,1
Hollow bits,1
Christening bonnets,1
Therapeutic devices,1
Biscuit jars,1
Tomahawks,1
Carpenters squares,1
Fishing boats,1
Rocking toys,1
Swatches,1
Billboards,1
Toast racks,1
Embroidery kits,1
Reeds,1
Tapa cloth equipment,1
Clothes peg bags,1
Bodysuits,1
Surfboards,1
Steam hammers,1
Presentation folders,1
Lace samplers,1
Kitchen spatulas,1
Bread bins,1
Navigational equipment,1
Computers,1
Boleros,1
Toy dinnerware,1
Directories,1
Lens cloths,1
Workbenches,1
Cauldrons,1
Musical instrument strings,1
Card tables,1
Culottes,1
Punishment equipment,1
Rapiers,1
Potentiometers,1
Coffee mugs,1
Hair toiletries,1
Brick moulds,1
Electric fans,1
Calash bonnets,1
Head rests,1
Sheath knives,1
Paperclips,1
Electric jugs,1
Barometers,1
Toasters,1
Memorandums,1
Marine chronometers,1
Laptop computers,1
Hat block stands,1
Violin components,1
Tambourines,1
Going-away dresses,1
Gee clamps,1
Chromolithographs,1
Electric indicators,1
Aerograms,1
Grinding tools,1
Sugarbags,1
Penny tokens,1
Glue,1
Yoyos,1
Horse-drawn vehicle components,1
Tachometers,1
Commemorative jugs,1
Castors,1
Exhibition labels,1
Projectors,1
Rock Carvings,1
Dolls hairbrushes,1
Deckchairs,1
Spices,1
Loin cloths,1
Thumb planes,1
Cigarette card albums,1
Watch cases,1
Parachutes,1
Sport tickets,1
Bootmaking tools,1
Toy tanks,1
Surgical gauze,1
Shoehorns,1
Sundials,1
Steak knives,1
Pipe cleaners,1
Pastry boards,1
Cleaning brushes,1
Bicycle components,1
Aviation ephemera,1
Gardening rakes,1
Figures,1
Record cleaners,1
Butterflies,1
Cosmetics cases,1
Halfpennies,1
Corkscrews,1
Paddle-steamers,1
Harps,1
Carpets,1
Meccano sets,1
Dairy equipment,1
Cooking steamers,1
Cymbals,1
Lockets,1
Drawers (underpants),1
Toiletry bags,1
Journal articles,1
Toy weapons,1
Motor scooters,1
Engineering tools,1
Carving forks,1
Calculation tables,1
Baby binders,1
Electronic calculators,1
Cream jugs,1
Belt Buckles,1
Millinery equipment,1
Camera tripods,1
Storage and display furniture,1
Anvils,1
Pipe stands,1
Toy ships,1
Medicine containers,1
Carving sets,1
Girls clothing,1
Crossbows,1
Sewing needles,1
Folding cameras,1
Bird eggs,1
Decorative panels,1
Occupation-based equipment,1
Collar boxes,1
Stereo cameras,1
Edge-ground axe heads (stone),1
Commode chairs,1
Fur coats,1
Gasmasks,1
Hallstands,1
Secateurs,1
Telecommunications equipment,1
Boats,1
Chair covers,1
Electric switching devices,1
Wooden artefacts,1
Medical kits,1
Nurses cases,1
Medical cases,1
Health and medical charts,1
Rectifiers,1
Full plate cameras,1
Beakers (laboratory),1
Bugles,1
Media kits,1
Ploughs,1
Toy horses,1
Dolls gardening equipment,1
Tobacco cutters,1
Mantillas,1
Ice-cream churns,1
Sewing boxes,1
Advertising mirrors,1
Blades (metal),1
Toas,1
Showcases,1
Television cameras,1
Hardware packaging,1
Archimedean drills,1
Military helmets,1
Sickles,1
Toy teapots,1
Syrup dispensers,1
Suit bags,1
Pot holders,1
Prescription books,1
Cash registers,1
Spades,1
Crates,1
Textileworking equipment,1
Nutcrackers,1
Toy elephants,1
Ambrotypes,1
Pottery tools,1
Flour containers,1
Folding chairs,1
Floor runners,1
Jelly moulds,1
Ammeters,1
Prying tools,1
Communications equipment,1
Toy dogs,1
Toy cutlery,1
Gardening hoes,1
Bullets,1
Costume dolls,1
Hard hats,1
Wedding Dresses,1
Astronomical equipment,1
Fur collars,1
Styluses (audio),1
Woomeras,1
Leatherworking equipment,1
Lecterns,1
Honour boards,1
Ceramics moulds,1
Outdoor furniture,1
Metal artefacts,1
Soft furnishings,1
Portrait miniatures,1
Coconuts,1
Toy houses,1
Umbrella stands,1
Rakes,1
Hollow planes,1
Whisks,1
Specifications,1
Vessel stands,1
Shell carvings,1
Dressing table sets,1
Electric fuses,1
Toy jugs,1
Applicators,1
Fishing float,1
Transmitters,1
Watch stands,1
Desk lamps,1
Black dolls,1
Corsages,1
Flour sifters,1
Atomisers,1
Tool bags,1
Dental drills,1
Agricultural tools,1
Aquatints,1
Washing tubs,1
Jam containers,1
Autoclaves,1
Record players,1
Ticket machines,1
Lidded pots,1
Bottle holders,1
Vices,1
Compact discs,1
Epidiascopes,1
Food mixers,1
Jabots,1
Golfing equipment,1
Propellers,1
Mourning dresses,1
Opium containers,1
Rocking chairs,1
Carbon copies,1
Drainpipes,1
Cricket scoresheets,1
Camera cloths,1
Chainsaws,1
Shaving mugs,1
Magnesium flashes,1
Outfits,1
Food processors,1
Medicinal atomisers,1
Wine Bottles,1
Thread holders,1
Twin cylinder engines,1
Carpet beaters,1
Violin cases,1
Cigar holders,1
Submarine cables,1
Door hinges,1
Ballpoint pens,1
Echidnas,1
Shelves,1
Buckles,1
Cheques,1
Night cupboards,1
Food packaging,1
Solar panels,1
Earphones,1
Toy sugar bowls,1
Musical instrument keys,1
Educational kits,1
Edged weapons,1
Slide viewers,1
Office signs,1
Spittoons,1
Biochemical test kits,1
Toy musical instruments,1
Globes,1
Calculating devices,1
Salad servers,1
Soup plates,1
Laboratory equipment,1
Music stools,1
Bathmats,1
Food covers,1
Photographic processing equipment,1
Typewriter components,1
Mourning pendants,1
Analytical balances,1
Nursery furniture,1
Medications,1
Intaglio prints,1
Eggs,1
Flight simulators,1
Measuring spoons,1
Fruit plates,1
Ping pong sets,1
Pantographs,1
Character jugs,1
Camera backs,1
Military decorations,1
Bangles,1
Chemical containers,1
Wind-up toys,1
Filter papers,1
Pestles,1
Photographic transparencies,1
Lyric sheets,1
Tops,1
Sharpeners,1
Ice buckets,1
Ride-on toys,1
Condiment sets,1
Powder compacts,1
Household textiles,1
Butter churns,1
Book bags,1
Dispatch boxes,1
Dolls clocks,1
Stationary engines,1
Swordsticks,1
Kaleidoscopes,1
Firefighters clothing,1
Dolls cots,1
Mathematical instruments,1
First aid equipment,1
Nailbrushes,1
Electric cooking stoves,1
Weapon components,1
Toy horsedrawn vehicles,1
Briefcases,1
Pocket cameras,1
Templates,1
Working models,1
Baby rattles,1
Tumblers,1
Baby chemises,1
Picnic sets,1
Hygrometers,1
Traction engines,1
Tool chests,1
Shears,1
Test samples,1
Eskies,1
Galvanometers,1
Ammunition pouches,1
Motor car accessories,1
Laundry soap,1
Baby Accessories,1
Pen holders,1
Obituaries,1
Papercuts,1
Cello cases,1
Coopering tools,1
Bathroom accessories,1
Toy baskets,1
Circus props,1
Motoring goggles,1
Toy racing cars,1
Compass planes,1
Pressed flowers,1
Lace Insertions,1
Copying machines,1
Gardening spades,1
Photograph accessories,1
Animals,1
Ski pants,1
Printing stones,1
Nail files,1
Jar openers,1
Lens caps,1
Spoke trimmer bits,1
Going-away clothing,1
Carpenters pincers,1
Diving equipment,1
Acrylic Paintings,1
Dolls dressing-tables,1
Baby singlets,1
Cake slicers,1
Pith helmets,1
Panels,1
Ballot boxes,1
Wastepaper baskets,1
Liquor glasses,1
Medicine boxes,1
Astronomical charts,1
Hand mirrors,1
Nightcaps,1
Florins,1
Emery boards,1
Lions,1
Gavels,1
Sledgehammers,1
Hearses,1
Baby accessories,1
Ball gowns,1
Gem irons,1
Motor boats,1
Ducks,1
Chamber pots,1
Fire engines,1
Clock cases,1
Salad forks,1
Poker machines,1
Handtowels,1
Toy stoves,1
Confirmation dresses,1
Strollers,1
Vegetables,1
Woodcutters saws,1
Eggslices,1
Needlebooks,1
Erasers,1
Stringed instruments,1
Dry plate cameras,1
Presentation containers,1
Tool pads,1
Flower holders,1
Zippers,1
Nightshirts,1
Anvils (stone),1
Philatelic albums,1
Bullet moulds,1
Mouse traps,1
Gardening tools,1
Inflatable mattresses,1
Wheelwrighting tools,1
Electric cords,1
Trying planes,1
Exercise equipment,1
Baby baths,1
Padlocks,1
Snuff boxes,1
Card trays,1
Footwear accessories,1
Holey dollars,1
Motor car engine components,1
Polarographs,1
Kitchen scales,1
Sink plugs,1
Door accessories,1
Canes,1
Cleavers,1
Cotton wool balls,1
Toasting forks,1
Sprinklers,1
Perfumes,1
Workshop brushes,1
Bookbinding tools,1
Cellos,1
Plants,1
Oil engines,1
Shaving creams,1
Tea accessories,1
Shilling coins,1
Dies,1
Collection boxes,1
Visas,1
Plate holders,1
Crayons,1
Reapers,1
Gimlets,1
Cheval mirrors,1
Balancing toys,1
Debut dresses,1
Refrigerators,1
Toy bears,1
Soap,1
Street directories,1
Dashboard clocks,1
Incense burners,1
Grasses,1
Millinery tools,1
Clasps,1
Experimental models,1
Player pianos,1
Breadboards,1
Portfolios,1
Saucer dishes,1
Chinese checkers,1
Bicycle accessories,1
Postal documents,1
Highchairs,1
Percussive weapons,1
Mops,1
Bed-warmers,1
Dolls chests of drawers,1
Convict clothing,1
Architectural specifications,1
Nautical toys,1
Maritime documents,1
Toy horse drawn coaches,1
Cardcases,1
Face powder containers,1
Piercing tools,1
Buttonhooks,1
Scalpels,1
Hair clippers,1
Slippers,1
Meat slicers,1
Pedal toys,1
Recreational equipment,1
Easels,1
Banjo mandolins,1
Mantles,1
Identity devices,1
Planispheres,1
Tea-leaves,1
Colour charts,1
Rouge pots,1
